difficulty,Shape__Length,Class,X,Y,,,,,,,,,,,,,,,,
Advanced,3219.655421,0,170.608004,-45.89409404,,,,,,,,,,,,,,,,
Advanced,385.910448,0,167.3810152,-45.74730919,,,,,,,,,,,,,,,,
Advanced,4557.861652,0,172.5518639,-40.63409605,,,,,,,,,,,,,,,,
Advanced,2415.457998,0,175.243478,-38.53420482,,,,,,,,,,,,,,,,
Advanced,1131.947017,0,176.2986534,-37.94905874,,,,,,,,,,,,,,,,
Advanced,2829.035645,0,175.9123851,-37.89255662,,,,,,,,,,,,,,,,
Advanced,379.8068377,0,175.928506,-37.87034285,,,,,,,,,,,,,,,,
Advanced,15962.11912,0,176.2466755,-37.80015673,,,,,,,,,,,,,,,,
Advanced,2298.781026,0,175.0785623,-37.77352233,,,,,,,,,,,,,,,,
Advanced,3070.054227,0,174.9901592,-36.77734161,,,Time Class 0,,,Time Class 1,,,Time Class 2,,,,,,,
Advanced,12591.30799,0,175.4542453,-36.15889087,,Easiest,59,,Easiest,3,,Easiest,0,,,,,,,
Advanced,2123.484631,0,173.7382905,-35.21557034,,Easy,93,,Easy,61,,Easy,1,,,,,,,
Easiest,516.548047,0,169.5614119,-46.5176704,,Intermediate,1,,Intermediate,9,,Intermediate,10,,,,,,,
Easiest,718.0697865,0,170.1131962,-46.00161732,,Advanced,12,,Advanced,89,,Advanced,28,,,,,,,
Easiest,975.8485552,0,171.3275657,-42.11516818,,Expert,2,,Expert,17,,Expert,21,,,,,,,
Easiest,5921.0808,0,174.1083856,-39.25751982,,,,,,,,,,,,,,,,
Easiest,565.4305424,0,169.4859153,-46.5040545,,,,,,,,,,,,,,,,
Easiest,2024.435791,0,176.0202049,-40.12495673,,,,,,,,,,,,,,,,
Easiest,421.0406688,0,167.9503414,-44.72143622,,,,,,,,,,,,,,,,
Easiest,445.5105203,0,174.1217092,-39.30665133,,,,,,,,,,,,,,Time Class 0,Time Class 1,Time Class 2
Easiest,3200.259742,0,171.4592061,-41.76501132,,,,,,,,,,,,,Easiest,59,3,0
Easiest,246.1265182,0,173.9426985,-35.21424904,,,,,,,,,,,,,Easy,93,61,1
Easiest,751.3623019,0,170.5631945,-43.15244995,,,,,,,,,,,,,Intermediate,1,9,10
Easiest,798.2801134,0,176.5195439,-38.15950746,,,,,,,,,,,,,Advanced,12,89,28
Easiest,285.8333245,0,173.7997825,-35.19879024,,,,,,,,,,,,,Expert,2,17,21
Easiest,1362.962096,0,175.6235208,-36.72096877,,,,,,,,,,,,,,,,
Easiest,532.1984818,0,173.3688823,-35.53550493,,,,,,,,,,,,,,,,
Easiest,471.4742767,0,170.703804,-45.7814491,,,,,,,,,,,,,,,,
Easiest,1016.771432,0,172.6169847,-41.69061454,,,,,,,,,,,,,,,,
Easiest,414.7134115,0,175.8750084,-38.93407312,,,,,,,,,,,,,,,,
Easiest,151.5157082,0,174.8626603,-38.25539436,,,,,,,,,,,,,,,,
Easiest,1816.320526,0,176.8299482,-39.54858359,,,,,,,,,,,,,,,,
Easiest,253.3400256,0,170.6997546,-45.87430369,,,,,,,,,,,,,,,,
Easiest,878.0722815,0,175.0618853,-37.29329927,,,,,,,,,,,,,,,,
Easiest,1331.310221,0,175.7242283,-37.42702509,,,,,,,,,,,,,,,,
Easiest,2082.121385,0,174.8233785,-37.82589575,,,,,,,,,,,,,,,,
Easiest,1093.34753,0,175.7150369,-36.83308426,,,,,,,,,,,,,,,,
Easiest,4305.382387,0,176.212247,-38.7656267,,,,,,,,,,,,,,,,
Easiest,1500.968132,0,169.437736,-46.5795757,,,,,,,,,,,,,,,,
Easiest,276.5775809,0,173.8301123,-42.24422334,,,,,,,,,,,,,,,,
Easiest,259.7499315,0,170.3313459,-43.16040487,,,,,,,,,,,,,,,,
Easiest,685.0776383,0,171.3241491,-42.43437379,,,,,,,,,,,,,,,,
Easiest,200.3048062,0,176.2154953,-38.40115559,,,,,,,,,,,,,,,,
Easiest,710.5992183,0,176.2966381,-39.93175952,,,,,,,,,,,,,,,,
Easiest,5759.623173,0,175.4315615,-36.20812068,,,,,,,,,,,,,,,,
Easiest,11768.40212,0,174.8902588,-36.59984462,,,,,,,,,,,,,,,,
Easiest,589.5379086,0,178.100482,-38.66446304,,,,,,,,,,,,,,,,
Easiest,970.7019197,0,175.1371005,-37.66270769,,,,,,,,,,,,,,,,
Easiest,4692.15523,0,169.810247,-44.870071,,,,,,,,,,,,,,,,
Easiest,608.5744083,0,167.9239588,-44.67151848,,,,,,,,,,,,,,,,
Easiest,3332.445698,0,170.0896827,-45.57107006,,,,,,,,,,,,,,,,
Easiest,347.8532139,0,170.0292106,-43.49249803,,,,,,,,,,,,,,,,
Easiest,70.68811297,0,175.5471346,-36.83205956,,,,,,,,,,,,,,,,
Easiest,2476.067212,0,173.5023187,-34.98966447,,,,,,,,,,,,,,,,
Easiest,372.0776642,0,174.8491785,-38.26052732,,,,,,,,,,,,,,,,
Easiest,432.1570438,0,176.2832869,-39.96495394,,,,,,,,,,,,,,,,
Easiest,859.1720623,0,174.900665,-38.26026375,,,,,,,,,,,,,,,,
Easiest,609.4229794,0,171.0180265,-42.95598682,,,,,,,,,,,,,,,,
Easiest,89.8950159,0,175.571237,-36.98999731,,,,,,,,,,,,,,,,
Easiest,265.1957755,0,174.2055828,-36.10168603,,,,,,,,,,,,,,,,
Easiest,1183.018317,0,176.8575316,-39.43149127,,,,,,,,,,,,,,,,
Easiest,225.4752594,0,171.1924691,-42.64755518,,,,,,,,,,,,,,,,
Easiest,1162.419368,0,176.4560913,-38.24842616,,,,,,,,,,,,,,,,
Easiest,1256.537599,0,173.5326764,-35.60851491,,,,,,,,,,,,,,,,
Easiest,3579.641885,0,169.9701145,-43.44698556,,,,,,,,,,,,,,,,
Easiest,1004.34956,0,177.9598612,-38.59633908,,,,,,,,,,,,,,,,
Easiest,465.3485804,0,173.0843569,-34.72311026,,,,,,,,,,,,,,,,
Easiest,1693.526664,0,174.0432956,-39.10399643,,,,,,,,,,,,,,,,
Easiest,631.219432,0,175.1003698,-39.91317677,,,,,,,,,,,,,,,,
Easiest,704.5008234,0,172.4014761,-42.37952369,,,,,,,,,,,,,,,,
Easiest,590.2522019,0,170.0241249,-43.48463634,,,,,,,,,,,,,,,,
Easy,6067.516674,0,168.6052622,-43.98688424,,,,,,,,,,,,,,,,
Easy,1190.301175,0,174.9241203,-41.34988879,,,,,,,,,,,,,,,,
Easy,329.6915735,0,167.1564114,-45.46365128,,,,,,,,,,,,,,,,
Easy,1590.882815,0,172.8618034,-40.88149487,,,,,,,,,,,,,,,,
Easy,719.6814706,0,173.6275539,-35.23992101,,,,,,,,,,,,,,,,
Easy,338.6514663,0,168.1021294,-44.80697599,,,,,,,,,,,,,,,,
Easy,4373.612159,0,170.6667056,-45.89318722,,,,,,,,,,,,,,,,
Easy,3421.535853,0,175.9982059,-39.02072115,,,,,,,,,,,,,,,,
Easy,2570.670601,0,175.471081,-40.904241,,,,,,,,,,,,,,,,
Easy,2174.668886,0,173.7732223,-41.04975194,,,,,,,,,,,,,,,,
Easy,2028.361376,0,174.8639019,-41.2575768,,,,,,,,,,,,,,,,
Easy,2925.594244,0,175.3668192,-36.1673918,,,,,,,,,,,,,,,,
Easy,3348.688945,0,173.1962236,-35.03271511,,,,,,,,,,,,,,,,
Easy,1841.243254,0,170.1632266,-43.69802699,,,,,,,,,,,,,,,,
Easy,2553.998415,0,174.4377133,-35.78724078,,,,,,,,,,,,,,,,
Easy,405.5839122,0,173.9725344,-41.18948446,,,,,,,,,,,,,,,,
Easy,3455.563327,0,167.7048282,-45.43801614,,,,,,,,,,,,,,,,
Easy,643.2784105,0,177.310239,-38.07897202,,,,,,,,,,,,,,,,
Easy,417.1544846,0,-176.3525828,-43.79964273,,,,,,,,,,,,,,,,
Easy,3456.269258,0,174.4758837,-35.8618324,,,,,,,,,,,,,,,,
Easy,2244.825728,0,175.1543222,-37.60930561,,,,,,,,,,,,,,,,
Easy,2717.697436,0,173.8506275,-34.99448563,,,,,,,,,,,,,,,,
Easy,2444.081838,0,168.7207567,-45.31956667,,,,,,,,,,,,,,,,
Easy,1735.127961,0,167.3872678,-45.9919314,,,,,,,,,,,,,,,,
Easy,512.828967,0,167.8236783,-45.20097449,,,,,,,,,,,,,,,,
Easy,5469.349914,0,174.9303168,-41.34895167,,,,,,,,,,,,,,,,
Easy,3001.665476,0,176.4977849,-38.0340896,,,,,,,,,,,,,,,,
Easy,1929.69533,0,175.7990532,-36.83335308,,,,,,,,,,,,,,,,
Easy,751.2945047,0,171.3018697,-43.62694102,,,,,,,,,,,,,,,,
Easy,348.8337255,0,174.1116327,-35.28444771,,,,,,,,,,,,,,,,
Easy,1243.332956,0,170.356162,-44.64318997,,,,,,,,,,,,,,,,
Easy,8068.935535,0,173.596344,-35.79454939,,,,,,,,,,,,,,,,
Easy,1334.950782,0,174.0833921,-35.28901495,,,,,,,,,,,,,,,,
Easy,665.0760631,0,173.7498791,-35.04839152,,,,,,,,,,,,,,,,
Easy,1887.201153,0,174.9727674,-39.2744882,,,,,,,,,,,,,,,,
Easy,100.4951503,0,167.9281778,-44.67278458,,,,,,,,,,,,,,,,
Easy,23132.58858,0,173.5973413,-42.29721608,,,,,,,,,,,,,,,,
Easy,291.4358031,0,173.9757792,-36.05813313,,,,,,,,,,,,,,,,
Easy,3482.189873,0,173.9775968,-35.13133581,,,,,,,,,,,,,,,,
Easy,1830.543523,0,170.2015156,-43.38714252,,,,,,,,,,,,,,,,
Easy,4520.67917,0,175.4497301,-40.90287589,,,,,,,,,,,,,,,,
Easy,1310.65534,0,175.9688141,-38.88315273,,,,,,,,,,,,,,,,
Easy,2249.252265,0,175.8976195,-38.9107737,,,,,,,,,,,,,,,,
Easy,7011.897881,0,171.7849031,-41.73339129,,,,,,,,,,,,,,,,
Easy,811.2098132,0,170.4553895,-45.9206778,,,,,,,,,,,,,,,,
Easy,1216.877778,0,170.9648717,-44.69851924,,,,,,,,,,,,,,,,
Easy,3351.968953,0,174.2816506,-35.25369403,,,,,,,,,,,,,,,,
Easy,7792.587138,0,175.2224779,-40.88257374,,,,,,,,,,,,,,,,
Easy,4399.689845,0,169.1615751,-44.69207779,,,,,,,,,,,,,,,,
Easy,2629.400057,0,176.0148739,-38.73619624,,,,,,,,,,,,,,,,
Easy,2104.215157,0,175.9612347,-38.69781067,,,,,,,,,,,,,,,,
Easy,2485.150805,0,170.1872879,-43.39340539,,,,,,,,,,,,,,,,
Easy,574.4098989,0,177.7218936,-38.99058227,,,,,,,,,,,,,,,,
Easy,2690.014668,0,171.1798722,-43.98365418,,,,,,,,,,,,,,,,
Easy,5060.519948,0,169.3574776,-45.24647496,,,,,,,,,,,,,,,,
Easy,955.5704825,0,170.668048,-45.63945408,,,,,,,,,,,,,,,,
Easy,552.5527021,0,168.1267249,-44.69501715,,,,,,,,,,,,,,,,
Easy,2280.081638,0,175.8214401,-39.15157677,,,,,,,,,,,,,,,,
Easy,3420.027343,0,169.146338,-45.0770941,,,,,,,,,,,,,,,,
Easy,892.5191947,0,171.3481449,-42.55364769,,,,,,,,,,,,,,,,
Easy,622.142677,0,167.6354101,-45.86641065,,,,,,,,,,,,,,,,
Easy,3107.470063,0,170.9596454,-44.66690682,,,,,,,,,,,,,,,,
Easy,3027.133188,0,176.8834351,-39.48193172,,,,,,,,,,,,,,,,
Easy,1532.179283,0,167.5364505,-45.77598852,,,,,,,,,,,,,,,,
Easy,587.9502893,0,168.6664099,-44.98327853,,,,,,,,,,,,,,,,
Easy,2165.982885,0,176.7261257,-38.66906846,,,,,,,,,,,,,,,,
Easy,732.4287207,0,-176.5729084,-43.76177827,,,,,,,,,,,,,,,,
Easy,1100.994072,0,169.2112423,-44.67350164,,,,,,,,,,,,,,,,
Easy,514.5136897,0,174.1167696,-35.25481168,,,,,,,,,,,,,,,,
Easy,432.0511704,0,174.1198397,-35.24385679,,,,,,,,,,,,,,,,
Easy,4269.919687,0,172.6780592,-34.4458266,,,,,,,,,,,,,,,,
Easy,14964.48335,0,168.8504555,-46.05917604,,,,,,,,,,,,,,,,
Easy,1306.951378,0,174.0455177,-35.19197683,,,,,,,,,,,,,,,,
Easy,587.1722634,0,174.1347478,-35.89281859,,,,,,,,,,,,,,,,
Easy,3432.070434,0,175.7712024,-37.317907,,,,,,,,,,,,,,,,
Easy,4399.801591,0,175.7364854,-37.42799613,,,,,,,,,,,,,,,,
Easy,208.2829124,0,173.3803554,-34.96730613,,,,,,,,,,,,,,,,
Easy,2847.839102,0,168.5470648,-45.05585505,,,,,,,,,,,,,,,,
Easy,2709.911463,0,168.3894115,-44.77569133,,,,,,,,,,,,,,,,
Easy,832.2713822,0,175.123615,-38.26221999,,,,,,,,,,,,,,,,
Easy,672.5209702,0,175.6614796,-38.64802625,,,,,,,,,,,,,,,,
Easy,891.9396059,0,174.2836226,-35.58761694,,,,,,,,,,,,,,,,
Easy,1945.604475,0,174.8551704,-36.80793065,,,,,,,,,,,,,,,,
Easy,744.4286724,0,174.2736441,-41.09548344,,,,,,,,,,,,,,,,
Easy,3408.967142,0,-176.5559907,-43.8521684,,,,,,,,,,,,,,,,
Easy,274.1022157,0,169.4109627,-44.93583575,,,,,,,,,,,,,,,,
Easy,1252.186524,0,175.9082299,-40.08126633,,,,,,,,,,,,,,,,
Easy,1093.080581,0,173.9589733,-35.22034056,,,,,,,,,,,,,,,,
Easy,1313.942264,0,174.9366431,-41.34564582,,,,,,,,,,,,,,,,
Easy,2784.630441,0,168.5798598,-45.06307697,,,,,,,,,,,,,,,,
Easy,8559.994843,0,175.7460211,-37.41885919,,,,,,,,,,,,,,,,
Easy,957.9531716,0,176.5503668,-38.04498494,,,,,,,,,,,,,,,,
Easy,1112.902843,0,170.5887589,-45.75772721,,,,,,,,,,,,,,,,
Expert,2102.553963,0,170.9620003,-44.62651421,,,,,,,,,,,,,,,,
Expert,2306.367613,0,169.6244622,-44.3781718,,,,,,,,,,,,,,,,
Intermediate,592.9489328,0,173.7330088,-35.01356174,,,,,,,,,,,,,,,,
Advanced,3075.526539,1,167.3688507,-45.98410746,,,,,,,,,,,,,,,,
Advanced,8241.54867,1,170.0392135,-45.91874626,,,,,,,,,,,,,,,,
Advanced,11579.62589,1,167.4592865,-45.83573596,,,,,,,,,,,,,,,,
Advanced,4694.175046,1,170.4064419,-45.81564491,,,,,,,,,,,,,,,,
Advanced,2966.500096,1,167.4803499,-45.74512979,,,,,,,,,,,,,,,,
Advanced,14064.61602,1,169.0260983,-45.53895851,,,,,,,,,,,,,,,,
Advanced,1151.120832,1,167.1700337,-45.47892229,,,,,,,,,,,,,,,,
Advanced,18593.83517,1,168.9647944,-45.15107353,,,,,,,,,,,,,,,,
Advanced,4875.397827,1,167.9835344,-45.14119224,,,,,,,,,,,,,,,,
Advanced,3330.867075,1,168.772812,-45.137258,,,,,,,,,,,,,,,,
Advanced,10106.14908,1,169.1271723,-45.08361896,,,,,,,,,,,,,,,,
Advanced,4895.490784,1,168.9231076,-45.0666181,,,,,,,,,,,,,,,,
Advanced,1195.007303,1,168.8168876,-45.05986931,,,,,,,,,,,,,,,,
Advanced,9720.53566,1,169.3403525,-44.94573862,,,,,,,,,,,,,,,,
Advanced,8407.944413,1,169.4503962,-44.90707986,,,,,,,,,,,,,,,,
Advanced,2338.225179,1,168.0302838,-44.90626432,,,,,,,,,,,,,,,,
Advanced,4330.657313,1,168.0442592,-44.89457319,,,,,,,,,,,,,,,,
Advanced,10723.18039,1,168.6869016,-44.81845827,,,,,,,,,,,,,,,,
Advanced,2558.600217,1,168.1311919,-44.80484768,,,,,,,,,,,,,,,,
Advanced,8606.679683,1,168.1259016,-44.66129377,,,,,,,,,,,,,,,,
Advanced,8617.298125,1,169.343396,-44.632884,,,,,,,,,,,,,,,,
Advanced,10389.30038,1,169.8182508,-44.54062618,,,,,,,,,,,,,,,,
Advanced,16301.71772,1,168.665947,-44.464451,,,,,,,,,,,,,,,,
Advanced,14470.68136,1,168.665947,-44.464451,,,,,,,,,,,,,,,,
Advanced,20104.45271,1,168.8168876,-44.43791344,,,,,,,,,,,,,,,,
Advanced,3647.234821,1,170.869203,-44.43331313,,,,,,,,,,,,,,,,
Advanced,1546.008173,1,169.7940861,-44.36386898,,,,,,,,,,,,,,,,
Advanced,4206.429489,1,169.5851983,-44.21797569,,,,,,,,,,,,,,,,
Advanced,6753.046451,1,170.3296148,-44.20642262,,,,,,,,,,,,,,,,
Advanced,16480.86178,1,169.6360911,-44.18566905,,,,,,,,,,,,,,,,
Advanced,5731.120804,1,169.31935,-44.176629,,,,,,,,,,,,,,,,
Advanced,4112.017564,1,170.0641876,-44.12643027,,,,,,,,,,,,,,,,
Advanced,15933.36448,1,169.2132875,-44.12294067,,,,,,,,,,,,,,,,
Advanced,27068.09638,1,169.8122194,-44.02985055,,,,,,,,,,,,,,,,
Advanced,11708.9933,1,170.1630012,-43.82164377,,,,,,,,,,,,,,,,
Advanced,15212.89282,1,170.6440617,-43.77831965,,,,,,,,,,,,,,,,
Advanced,6546.7839,1,170.0872529,-43.71916552,,,,,,,,,,,,,,,,
Advanced,18213.47197,1,170.6249129,-43.65347115,,,,,,,,,,,,,,,,
Advanced,3284.209167,1,171.22407,-43.63237,,,,,,,,,,,,,,,,
Advanced,48400.79337,1,171.0584636,-43.5363904,,,,,,,,,,,,,,,,
Advanced,10767.32762,1,172.0797786,-43.24060616,,,,,,,,,,,,,,,,
Advanced,15536.58578,1,172.2586075,-43.18310895,,,,,,,,,,,,,,,,
Advanced,22504.97753,1,171.3782066,-42.28994445,,,,,,,,,,,,,,,,
Advanced,16454.82476,1,173.8275177,-42.2360409,,,,,,,,,,,,,,,,
Advanced,7458.636545,1,172.8212641,-41.82715527,,,,,,,,,,,,,,,,
Advanced,8349.120626,1,173.3213056,-41.56791843,,,,,,,,,,,,,,,,
Advanced,11762.16636,1,173.6925369,-41.42591451,,,,,,,,,,,,,,,,
Advanced,13638.73984,1,173.8643909,-41.34956801,,,,,,,,,,,,,,,,
Advanced,18841.85081,1,174.9600265,-41.32522289,,,,,,,,,,,,,,,,
Advanced,4627.250988,1,172.6953627,-41.18224481,,,,,,,,,,,,,,,,
Advanced,10853.43685,1,172.6929746,-41.12935934,,,,,,,,,,,,,,,,
Advanced,8045.104635,1,175.4860592,-40.85675301,,,,,,,,,,,,,,,,
Advanced,12803.32642,1,175.5268949,-40.55122894,,,,,,,,,,,,,,,,
Advanced,2456.580522,1,176.0207557,-40.11345383,,,,,,,,,,,,,,,,
Advanced,5799.115878,1,176.0087807,-40.05337954,,,,,,,,,,,,,,,,
Advanced,7260.622087,1,176.255891,-39.66932113,,,,,,,,,,,,,,,,
Advanced,4047.873045,1,176.3006879,-39.62729289,,,,,,,,,,,,,,,,
Advanced,12327.64082,1,174.747782,-39.52137178,,,,,,,,,,,,,,,,
Advanced,5785.583899,1,176.2860563,-39.48880776,,,,,,,,,,,,,,,,
Advanced,12865.57732,1,174.0826989,-39.32766378,,,,,,,,,,,,,,,,
Advanced,2992.429545,1,177.8007948,-38.98481859,,,,,,,,,,,,,,,,
Advanced,2443.805508,1,177.7965618,-38.9818364,,,,,,,,,,,,,,,,
Advanced,8915.38282,1,174.6259033,-38.92236085,,,,,,,,,,,,,,,,
Advanced,7343.304934,1,177.160335,-38.78318342,,,,,,,,,,,,,,,,
Advanced,13195.61637,1,177.136749,-38.73004684,,,,,,,,,,,,,,,,
Advanced,11422.56164,1,174.802487,-38.47091454,,,,,,,,,,,,,,,,
Advanced,7433.465484,1,174.7485405,-38.43029922,,,,,,,,,,,,,,,,
Advanced,2946.382344,1,177.3881146,-38.27966379,,,,,,,,,,,,,,,,
Advanced,3539.196513,1,175.2577801,-38.07071064,,,,,,,,,,,,,,,,
Advanced,7085.177978,1,175.13364,-37.975785,,,,,,,,,,,,,,,,
Advanced,26806.8167,1,175.078202,-37.95829,,,,,,,,,,,,,,,,
Advanced,7607.803483,1,175.067986,-37.938631,,,,,,,,,,,,,,,,
Advanced,15962.11912,1,176.2466755,-37.80015673,,,,,,,,,,,,,,,,
Advanced,5998.892634,1,175.958477,-37.78105404,,,,,,,,,,,,,,,,
Advanced,4720.027796,1,175.8570557,-37.63195699,,,,,,,,,,,,,,,,
Advanced,12092.28809,1,175.829158,-37.60123444,,,,,,,,,,,,,,,,
Advanced,10856.86009,1,175.7551419,-37.54766227,,,,,,,,,,,,,,,,
Advanced,8787.832964,1,175.8418678,-37.50695743,,,,,,,,,,,,,,,,
Advanced,4499.005844,1,175.8547209,-37.50366084,,,,,,,,,,,,,,,,
Advanced,7506.947907,1,175.7796304,-37.46367378,,,,,,,,,,,,,,,,
Advanced,22265.33349,1,175.3816537,-37.38269202,,,,,,,,,,,,,,,,
Advanced,9481.501485,1,175.7814129,-37.26116627,,,,,,,,,,,,,,,,
Advanced,3741.219226,1,174.4652588,-36.84250676,,,,,,,,,,,,,,,,
Advanced,2529.837539,1,174.7150421,-36.30713854,,,,,,,,,,,,,,,,
Advanced,12345.70847,1,175.4247904,-36.21568074,,,,,,,,,,,,,,,,
Advanced,15279.22086,1,175.3886712,-36.19237511,,,,,,,,,,,,,,,,
Advanced,9829.441473,1,174.1180332,-35.86863066,,,,,,,,,,,,,,,,
Advanced,4525.194931,1,173.7170601,-35.20064991,,,,,,,,,,,,,,,,
Advanced,4395.838145,1,174.3179709,-35.18507175,,,,,,,,,,,,,,,,
Easiest,2068.743095,1,173.5314198,-35.61368091,,,,,,,,,,,,,,,,
Easiest,3597.770111,1,171.5265741,-42.40156901,,,,,,,,,,,,,,,,
Easiest,941.3207412,1,174.9798723,-38.07268648,,,,,,,,,,,,,,,,
Easy,1706.756362,1,172.9402163,-40.83876811,,,,,,,,,,,,,,,,
Easy,17562.7012,1,172.7835552,-34.45340293,,,,,,,,,,,,,,,,
Easy,3965.725559,1,176.2644738,-39.72037491,,,,,,,,,,,,,,,,
Easy,9261.72863,1,171.8812823,-41.609507,,,,,,,,,,,,,,,,
Easy,18192.86097,1,169.259597,-44.713347,,,,,,,,,,,,,,,,
Easy,4521.378161,1,177.3549725,-37.98740626,,,,,,,,,,,,,,,,
Easy,6589.686604,1,174.5973201,-36.08109783,,,,,,,,,,,,,,,,
Easy,344.8170835,1,168.5481892,-45.06675519,,,,,,,,,,,,,,,,
Easy,10808.62116,1,168.94002,-45.01681517,,,,,,,,,,,,,,,,
Easy,4142.722385,1,175.8220988,-40.14956655,,,,,,,,,,,,,,,,
Easy,2355.609303,1,174.4152469,-35.67853303,,,,,,,,,,,,,,,,
Easy,5812.7438,1,174.861671,-36.80638899,,,,,,,,,,,,,,,,
Easy,3632.311888,1,172.6957002,-34.42912298,,,,,,,,,,,,,,,,
Easy,11591.71309,1,174.2294041,-35.21697496,,,,,,,,,,,,,,,,
Easy,2596.396968,1,175.2365175,-41.4482796,,,,,,,,,,,,,,,,
Easy,2132.356864,1,170.5788125,-45.80618572,,,,,,,,,,,,,,,,
Easy,3438.489096,1,171.4016795,-42.62703957,,,,,,,,,,,,,,,,
Easy,6927.602538,1,177.7000468,-38.46869898,,,,,,,,,,,,,,,,
Easy,2458.612226,1,175.5408265,-37.02612372,,,,,,,,,,,,,,,,
Easy,1742.938067,1,176.1894163,-38.12401263,,,,,,,,,,,,,,,,
Easy,4897.245761,1,168.5668418,-45.00450413,,,,,,,,,,,,,,,,
Easy,8639.90388,1,176.697858,-38.69727915,,,,,,,,,,,,,,,,
Easy,10076.01077,1,171.1341583,-42.84288394,,,,,,,,,,,,,,,,
Easy,1669.669622,1,173.4421893,-35.53021739,,,,,,,,,,,,,,,,
Easy,5618.762537,1,175.3565523,-36.47737605,,,,,,,,,,,,,,,,
Easy,9112.758816,1,170.0530523,-44.55172092,,,,,,,,,,,,,,,,
Easy,1967.638846,1,174.936556,-41.34321281,,,,,,,,,,,,,,,,
Easy,8630.909856,1,172.0697304,-43.25340791,,,,,,,,,,,,,,,,
Easy,3493.115493,1,175.0939536,-38.26096863,,,,,,,,,,,,,,,,
Easy,7182.795558,1,168.801464,-44.979611,,,,,,,,,,,,,,,,
Easy,6840.040329,1,172.6565375,-41.10695497,,,,,,,,,,,,,,,,
Easy,1873.107038,1,170.2504983,-45.84463838,,,,,,,,,,,,,,,,
Easy,7094.916432,1,174.8184341,-41.14690824,,,,,,,,,,,,,,,,
Easy,1747.25978,1,174.3527108,-35.9284592,,,,,,,,,,,,,,,,
Easy,8877.984689,1,168.3221325,-44.95008354,,,,,,,,,,,,,,,,
Easy,8800.802075,1,177.0082228,-39.63990437,,,,,,,,,,,,,,,,
Easy,2849.757728,1,174.56917,-35.848761,,,,,,,,,,,,,,,,
Easy,2294.349824,1,173.7491103,-35.25370741,,,,,,,,,,,,,,,,
Easy,7240.026853,1,168.7201304,-45.06291386,,,,,,,,,,,,,,,,
Easy,8425.969103,1,175.8025403,-40.3249416,,,,,,,,,,,,,,,,
Easy,2252.231112,1,168.4637123,-44.72790912,,,,,,,,,,,,,,,,
Easy,11352.3479,1,175.7152657,-38.70936792,,,,,,,,,,,,,,,,
Easy,3217.853171,1,178.0400144,-38.64064238,,,,,,,,,,,,,,,,
Easy,6626.440976,1,170.9327698,-42.78359637,,,,,,,,,,,,,,,,
Easy,4191.582229,1,176.0075236,-39.897251,,,,,,,,,,,,,,,,
Easy,1524.476394,1,173.3029231,-42.86492903,,,,,,,,,,,,,,,,
Easy,7946.474761,1,172.8315711,-41.8440485,,,,,,,,,,,,,,,,
Easy,742.1236204,1,170.6484399,-45.75595154,,,,,,,,,,,,,,,,
Easy,4608.746253,1,175.3937072,-36.18233368,,,,,,,,,,,,,,,,
Easy,2474.314319,1,175.637194,-40.725553,,,,,,,,,,,,,,,,
Easy,9472.036487,1,173.3842936,-35.5659683,,,,,,,,,,,,,,,,
Easy,20367.52221,1,174.0414961,-41.36874812,,,,,,,,,,,,,,,,
Easy,11431.99364,1,175.3845873,-39.37513706,,,,,,,,,,,,,,,,
Easy,2396.203775,1,178.3269359,-38.3827811,,,,,,,,,,,,,,,,
Easy,4036.884872,1,174.193144,-35.22168122,,,,,,,,,,,,,,,,
Easy,22119.96399,1,175.9334367,-38.68591289,,,,,,,,,,,,,,,,
Easy,3406.462739,1,175.5499106,-39.07214911,,,,,,,,,,,,,,,,
Easy,1591.144955,1,176.6938405,-38.67290623,,,,,,,,,,,,,,,,
Easy,7163.281,1,170.4234056,-43.04110004,,,,,,,,,,,,,,,,
Easy,2575.691201,1,170.1707624,-43.43359035,,,,,,,,,,,,,,,,
Easy,5643.699667,1,177.5966034,-38.23947827,,,,,,,,,,,,,,,,
Expert,16096.67815,1,172.643854,-42.37819934,,,,,,,,,,,,,,,,
Expert,7933.766109,1,173.5056117,-41.4748009,,,,,,,,,,,,,,,,
Expert,4832.004755,1,173.8484724,-42.19990538,,,,,,,,,,,,,,,,
Expert,8290.61593,1,174.9141637,-36.78243191,,,,,,,,,,,,,,,,
Expert,7337.96206,1,168.0575763,-45.04066381,,,,,,,,,,,,,,,,
Expert,11751.04192,1,171.387958,-42.26524571,,,,,,,,,,,,,,,,
Expert,7858.156653,1,176.1531814,-37.97136191,,,,,,,,,,,,,,,,
Expert,8075.612675,1,175.3889838,-36.09553333,,,,,,,,,,,,,,,,
Expert,4490.586857,1,170.112076,-44.14603,,,,,,,,,,,,,,,,
Expert,7977.655449,1,173.5721816,-41.4638077,,,,,,,,,,,,,,,,
Expert,3425.299664,1,169.9976635,-43.49087334,,,,,,,,,,,,,,,,
Expert,4310.939605,1,168.1033733,-44.70108755,,,,,,,,,,,,,,,,
Expert,16597.71381,1,168.5885169,-43.99923084,,,,,,,,,,,,,,,,
Expert,7930.135037,1,172.6976719,-40.83906302,,,,,,,,,,,,,,,,
Expert,3619.967098,1,168.0736692,-44.83017231,,,,,,,,,,,,,,,,
Expert,2038.63973,1,169.683398,-44.41296721,,,,,,,,,,,,,,,,
Expert,3039.152668,1,171.4916103,-43.31770664,,,,,,,,,,,,,,,,
Intermediate,4833.243419,1,168.1267263,-44.81812323,,,,,,,,,,,,,,,,
Intermediate,15365.14878,1,168.66593,-44.463917,,,,,,,,,,,,,,,,
Intermediate,11635.69132,1,173.7033237,-35.23546643,,,,,,,,,,,,,,,,
Intermediate,8911.418456,1,175.7820179,-37.49900904,,,,,,,,,,,,,,,,
Intermediate,57544.15386,1,167.242204,-46.24270145,,,,,,,,,,,,,,,,
Intermediate,3195.585901,1,168.1193661,-44.81688249,,,,,,,,,,,,,,,,
Intermediate,6461.33931,1,172.7814462,-41.83665787,,,,,,,,,,,,,,,,
Intermediate,9030.798372,1,174.796649,-38.41450833,,,,,,,,,,,,,,,,
Intermediate,19096.69508,1,175.5810012,-39.14449724,,,,,,,,,,,,,,,,
Advanced,85782.09269,2,167.88232,-46.957926,,,,,,,,,,,,,,,,
Advanced,62747.805,2,167.0811449,-45.67490236,,,,,,,,,,,,,,,,
Advanced,32435.53602,2,168.903288,-44.776573,,,,,,,,,,,,,,,,
Advanced,21858.26064,2,169.072869,-44.722126,,,,,,,,,,,,,,,,
Advanced,84653.26536,2,168.4672097,-44.69357176,,,,,,,,,,,,,,,,
Advanced,56862.51275,2,168.0646246,-44.51784236,,,,,,,,,,,,,,,,
Advanced,15365.14878,2,168.66593,-44.463917,,,,,,,,,,,,,,,,
Advanced,34817.02606,2,169.513451,-44.358808,,,,,,,,,,,,,,,,
Advanced,64118.81657,2,169.0564191,-44.2112604,,,,,,,,,,,,,,,,
Advanced,27674.29598,2,172.78462,-43.71553,,,,,,,,,,,,,,,,
Advanced,32189.20895,2,171.0091276,-43.10568786,,,,,,,,,,,,,,,,
Advanced,45555.45858,2,172.1396012,-42.48389525,,,,,,,,,,,,,,,,
Advanced,62923.73138,2,172.4917362,-42.39193556,,,,,,,,,,,,,,,,
Advanced,20543.11825,2,175.0473499,-41.31867498,,,,,,,,,,,,,,,,
Advanced,125082.131,2,172.4395031,-41.31655782,,,,,,,,,,,,,,,,
Advanced,65134.84337,2,174.087409,-41.19653215,,,,,,,,,,,,,,,,
Advanced,3322.526724,2,174.1196,-41.08683013,,,,,,,,,,,,,,,,
Advanced,40119.91518,2,175.2636439,-40.97461729,,,,,,,,,,,,,,,,
Advanced,17462.07339,2,176.0257461,-39.9907306,,,,,,,,,,,,,,,,
Advanced,16551.33118,2,176.077568,-39.9398966,,,,,,,,,,,,,,,,
Advanced,19733.6682,2,176.0572817,-39.92698494,,,,,,,,,,,,,,,,
Advanced,4102.527376,2,176.0454015,-39.75481471,,,,,,,,,,,,,,,,
Advanced,35089.00364,2,174.8585441,-39.34062725,,,,,,,,,,,,,,,,
Advanced,70247.81711,2,175.6280802,-39.29012894,,,,,,,,,,,,,,,,
Advanced,50184.49056,2,175.0594476,-39.2073007,,,,,,,,,,,,,,,,
Advanced,78581.5092,2,176.2077564,-39.03180196,,,,,,,,,,,,,,,,
Advanced,30498.60967,2,176.7259072,-38.71496293,,,,,,,,,,,,,,,,
Advanced,41684.30391,2,175.4020129,-36.21279083,,,,,,,,,,,,,,,,
Easy,47147.35256,2,172.7556148,-34.45732603,,,,,,,,,,,,,,,,
Expert,13992.94903,2,169.4002728,-43.80624603,,,,,,,,,,,,,,,,
Expert,45410.00684,2,170.4789653,-43.34880515,,,,,,,,,,,,,,,,
Expert,17522.26612,2,167.5136478,-45.02084995,,,,,,,,,,,,,,,,
Expert,6119.335294,2,170.464692,-43.24497811,,,,,,,,,,,,,,,,
Expert,32787.71623,2,172.5713008,-40.94437026,,,,,,,,,,,,,,,,
Expert,57976.85323,2,172.3622201,-41.4057522,,,,,,,,,,,,,,,,
Expert,11802.6525,2,171.5456759,-42.94499698,,,,,,,,,,,,,,,,
Expert,31680.65758,2,171.6921417,-43.09539567,,,,,,,,,,,,,,,,
Expert,74534.37081,2,175.8448043,-37.64857463,,,,,,,,,,,,,,,,
Expert,29384.06784,2,171.6564492,-42.93149185,,,,,,,,,,,,,,,,
Expert,45151.34487,2,171.3440156,-42.94953921,,,,,,,,,,,,,,,,
Expert,64823.67753,2,172.5426321,-42.27866083,,,,,,,,,,,,,,,,
Expert,92893.99727,2,174.0937593,-39.27213748,,,,,,,,,,,,,,,,
Expert,42616.78164,2,171.2470947,-42.94759433,,,,,,,,,,,,,,,,
Expert,34534.85086,2,172.784208,-41.85342461,,,,,,,,,,,,,,,,
Intermediate,71926.56678,2,172.3028297,-40.88644937,,,,,,,,,,,,,,,,
Intermediate,45641.02679,2,167.3755061,-46.1847714,,,,,,,,,,,,,,,,
Intermediate,21310.19161,2,175.4491715,-40.88101185,,,,,,,,,,,,,,,,
Intermediate,64475.79228,2,168.2587361,-44.88056347,,,,,,,,,,,,,,,,
Intermediate,65134.84337,2,174.087409,-41.19653215,,,,,,,,,,,,,,,,
Intermediate,34292.53523,2,168.1814959,-44.7603144,,,,,,,,,,,,,,,,
Intermediate,45641.02679,2,167.3755061,-46.1847714,,,,,,,,,,,,,,,,
Intermediate,25306.53165,2,168.0613758,-46.87363883,,,,,,,,,,,,,,,,
Intermediate,46258.31634,2,175.351379,-40.98370699,,,,,,,,,,,,,,,,
Intermediate,53855.50795,2,167.7856204,-44.81353592,,,,,,,,,,,,,,,,